City_ID,City,Country,Date,Lat,Lng,Max Temp,Humidity,Cloudiness,Wind Speed
0,hermanus,ZA,2021-11-12 23:54:41,-34.4187,19.2345,62.91,89,60,4.7
1,mataura,NZ,2021-11-12 23:54:42,-46.1927,168.8643,51.12,99,100,4.83
2,alofi,NU,2021-11-12 23:54:42,-19.0595,-169.9187,82.29,74,100,9.22
3,busselton,AU,2021-11-12 23:54:42,-33.65,115.3333,57.09,54,48,14.29
4,vaini,TO,2021-11-12 23:54:42,-21.2,-175.2,82.56,78,75,5.75
5,punta arenas,PH,2021-11-12 23:54:43,8.9897,125.34,81.84,75,97,4.07
6,mandera,KE,2021-11-12 23:54:43,3.9366,41.867,79.97,68,60,17.16
7,naryan-mar,RU,2021-11-12 23:53:05,67.6713,53.087,19.78,82,97,10.71
8,ushuaia,AR,2021-11-12 23:54:43,-54.8,-68.3,51.46,62,40,8.05
9,salalah,OM,2021-11-12 23:51:11,17.0151,54.0924,75.74,64,42,3.71
10,faanui,PF,2021-11-12 23:51:54,-16.4833,-151.75,78.57,68,79,10.74
11,bambous virieux,MU,2021-11-12 23:54:43,-20.2567,57.4061,71.13,80,46,5.55
12,riyadh,SA,2021-11-12 23:51:04,24.6877,46.7219,62.74,25,50,5.84
13,nuuk,GL,2021-11-12 23:54:44,64.1835,-51.7216,2.25,71,0,12.1
14,san cristobal,ML,2021-11-12 23:53:32,13.3034,-4.8956,78.66,16,67,10.36
15,hurghada,EG,2021-11-12 23:54:44,27.2574,33.8129,69.84,64,0,0.0
16,paita,PE,2021-11-12 23:54:44,-5.0892,-81.1144,64.2,82,51,13.91
17,mahebourg,MU,2021-11-12 23:54:44,-20.4081,57.7,72.25,88,20,3.44
18,harare,ZW,2021-11-12 23:54:45,-17.8294,31.0539,63.82,84,72,4.81
19,new norfolk,LR,2021-11-12 23:50:10,6.6518,-10.5932,76.23,97,80,1.3
20,rikitea,PF,2021-11-12 23:54:45,-23.1203,-134.9692,74.28,62,35,6.87
21,kapaa,US,2021-11-12 23:54:45,22.0752,-159.319,83.12,100,62,3.0
22,tasiilaq,GL,2021-11-12 23:54:46,65.6145,-37.6368,15.19,88,100,3.44
23,butaritari,KI,2021-11-12 23:50:26,3.0707,172.7902,83.07,67,72,9.89
24,sailana,IN,2021-11-12 23:54:46,23.4667,74.9167,59.74,47,51,8.41
25,kon tum,CI,2021-11-12 23:54:46,5.2197,-3.3876,81.95,88,100,6.82
26,carnarvon,AU,2021-11-12 23:54:46,-24.8667,113.6333,73.47,56,13,12.66
27,baruun-urt,MN,2021-11-12 23:54:47,46.6806,113.2792,29.07,55,99,4.97
28,biryusinsk,RU,2021-11-12 23:54:47,55.9634,97.8235,24.55,95,100,2.57
29,khatanga,RU,2021-11-12 23:54:47,71.9667,102.5,-22.56,96,95,4.12
30,kruisfontein,ZA,2021-11-12 23:54:47,-34.0033,24.7314,54.88,89,53,5.41
31,nanortalik,GL,2021-11-12 23:54:48,60.1432,-45.2371,25.23,63,100,4.9
32,grindavik,IS,2021-11-12 23:54:48,63.8424,-22.4338,39.67,75,75,16.11
33,hithadhoo,MV,2021-11-12 23:54:48,-0.6,73.0833,81.54,76,40,11.05
34,saskylakh,RU,2021-11-12 23:54:48,71.9167,114.0833,-24.61,97,17,4.85
35,hilo,US,2021-11-12 23:54:49,19.7297,-155.09,80.8,74,83,5.99
36,orange cove,US,2021-11-12 23:52:04,33.7,-117.7675,94.51,55,20,6.91
37,bluff,NZ,2021-11-12 23:54:34,-46.6,168.3333,49.8,92,100,19.17
38,georgetown,MY,2021-11-12 23:50:39,5.4112,100.3354,76.93,94,40,1.01
39,albany,US,2021-11-12 23:54:49,42.6001,-73.9662,46.53,87,43,2.89
40,saldanha,ZA,2021-11-12 23:51:17,-33.0117,17.9442,62.65,93,46,16.49
41,bredasdorp,ZA,2021-11-12 23:50:17,-34.5322,20.0403,61.29,83,64,5.75
42,upernavik,GL,2021-11-12 23:54:49,72.7868,-56.1549,4.44,75,35,7.74
43,tamuin,MX,2021-11-12 23:54:50,21.9833,-98.75,77.02,63,5,4.85
44,jamestown,US,2021-11-12 23:50:58,42.097,-79.2353,48.07,59,40,5.01
45,ust-kut,RU,2021-11-12 23:54:50,56.7938,105.7672,17.1,97,100,3.78
46,souillac,MU,2021-11-12 23:54:50,-20.5167,57.5167,72.36,88,20,3.44
47,lompoc,US,2021-11-12 23:51:28,34.6391,-120.4579,88.11,56,1,10.36
48,mount isa,GB,2021-11-12 23:54:09,53.6597,-1.8537,51.98,68,93,5.01
49,norman wells,US,2021-11-12 23:52:59,35.2226,-97.4395,51.94,31,0,3.0
50,cherskiy,RU,2021-11-12 23:52:03,68.75,161.3,11.46,95,100,5.23
51,guerrero negro,MX,2021-11-12 23:55:51,17.6667,-100.0,65.16,81,24,0.92
52,hasaki,JP,2021-11-12 23:55:51,35.7333,140.8333,52.2,64,34,15.82
53,atambua,ID,2021-11-12 23:55:51,-9.1061,124.8925,82.27,71,99,0.63
54,cidreira,BR,2021-11-12 23:55:51,-30.1811,-50.2056,64.9,65,90,17.36
55,brufut,GM,2021-11-12 23:55:52,13.3814,-16.7518,78.89,83,0,2.3
56,makokou,GA,2021-11-12 23:55:52,0.5738,12.8642,69.44,98,100,1.72
57,dingle,PH,2021-11-12 23:55:52,10.9995,122.6711,80.35,86,84,9.13
58,east london,IS,2021-11-12 23:55:52,65.0,-15.0,24.55,100,100,2.15
59,parrita,CR,2021-11-12 23:55:53,9.5201,-84.3225,85.77,86,27,1.79
60,padang,ID,2021-11-12 23:55:53,-0.9492,100.3543,75.25,84,98,3.33
61,kambar,PK,2021-11-12 23:55:53,27.5868,68.001,68.56,16,0,3.98
62,yellowknife,CA,2021-11-12 23:54:35,62.456,-114.3525,29.41,90,90,16.11
63,kahului,US,2021-11-12 23:51:12,20.8947,-156.47,84.22,65,40,9.22
64,leningradskiy,RU,2021-11-12 23:55:53,69.3833,178.4167,7.02,91,96,3.51
65,barrow,US,2021-11-12 23:55:54,71.2906,-156.7887,14.81,89,100,9.84
66,lebu,CL,2021-11-12 23:55:54,-37.6167,-73.65,53.02,83,99,9.42
67,hobart,AU,2021-11-12 23:50:58,-42.8794,147.3294,54.1,70,75,9.22
68,requena,ES,2021-11-12 23:55:54,39.4883,-1.1004,52.79,75,48,2.8
69,almaznyy,RU,2021-11-12 23:55:55,48.0448,40.045,39.34,81,59,7.87
70,honiara,SB,2021-11-12 23:55:55,-9.4333,159.95,87.3,66,25,4.38
71,lasa,IT,2021-11-12 23:55:55,46.6166,10.7002,34.54,85,8,1.92
72,fort nelson,NL,2021-11-12 23:55:55,52.6517,6.3861,49.17,88,97,13.87
73,westport,US,2021-11-12 23:55:56,41.1415,-73.3579,58.86,95,49,3.0
74,qaqortoq,GL,2021-11-12 23:55:56,60.7167,-46.0333,15.91,72,100,5.61
75,bontang,ID,2021-11-12 23:55:56,0.1333,117.5,75.61,93,100,5.1
76,port elizabeth,CD,2021-11-12 23:55:57,-7.0349,29.7638,77.38,56,72,6.2
77,honningsvag,NO,2021-11-12 23:55:57,70.9821,25.9704,30.81,69,75,19.35
78,jalu,LY,2021-11-12 23:55:57,29.0331,21.5482,64.04,53,0,6.42
79,shiyan,CN,2021-11-12 23:55:57,32.6475,110.7781,43.81,67,0,5.93
80,kalmunai,LK,2021-11-12 23:55:58,7.4167,81.8167,78.1,81,100,1.88
81,karratha,AU,2021-11-12 23:55:11,-20.7377,116.8463,81.54,30,82,11.65
82,aklavik,CA,2021-11-12 23:51:38,68.2191,-135.0107,9.32,94,100,12.37
83,saint-philippe,RE,2021-11-12 23:55:58,-21.3585,55.7679,71.19,81,30,9.22
84,mar del plata,ES,2021-11-12 23:55:58,43.4002,-4.0094,57.07,90,75,3.0
85,yinchuan,CN,2021-11-12 23:55:58,38.4681,106.2731,35.35,23,0,4.9
86,qaanaaq,GL,2021-11-12 23:55:59,77.484,-69.3632,-6.95,59,0,9.98
87,talnakh,RU,2021-11-12 23:55:59,69.4865,88.3972,8.46,89,100,14.0
88,tarko-sale,RU,2021-11-12 23:55:59,64.9225,77.785,10.18,94,100,15.95
89,lekoni,GA,2021-11-12 23:55:59,-1.5843,14.2591,73.51,86,100,2.93
90,peru,US,2021-11-12 23:56:00,40.7537,-86.0689,38.61,86,90,12.66
91,puerto ayora,ES,2021-11-12 23:56:00,36.5939,-6.233,53.74,73,0,2.3
92,ilhabela,BR,2021-11-12 23:56:00,-23.7781,-45.3581,64.42,79,80,5.57
93,harlingen,US,2021-11-12 23:48:34,26.1906,-97.6961,82.49,78,1,12.66
94,nakusp,CA,2021-11-12 23:56:00,50.2499,-117.8023,41.47,93,100,4.61
95,namatanai,PG,2021-11-12 23:56:01,-3.6667,152.4333,85.82,66,99,2.46
96,chuy,UY,2021-11-12 23:56:01,-33.6971,-53.4616,58.23,69,74,10.67
97,atuona,PF,2021-11-12 23:56:01,-9.8,-139.0333,78.24,73,21,12.44
98,narsaq,GL,2021-11-12 23:56:02,60.9167,-46.05,13.68,67,98,6.58
99,touros,BR,2021-11-12 23:56:02,-5.1989,-35.4608,81.5,80,72,15.52
100,nebolchi,RU,2021-11-12 23:56:02,59.1239,33.3454,38.08,89,100,9.62
101,cape town,CL,2021-11-12 23:56:02,-36.413,-71.9028,56.62,78,100,3.58
102,aquiraz,BR,2021-11-12 23:57:03,-3.9014,-38.3911,85.21,66,4,12.37
103,san patricio,ML,2021-11-12 23:52:48,13.3034,-4.8956,78.66,16,67,10.36
104,ribeira grande,ES,2021-11-12 23:57:03,42.7461,-8.4439,56.41,73,75,2.3
105,belmonte,BR,2021-11-12 23:57:03,-15.8631,-38.8828,73.9,90,79,11.68
106,srednekolymsk,RU,2021-11-12 23:57:04,67.45,153.6833,1.06,97,100,4.36
107,oranjemund,NA,2021-11-12 23:57:04,-28.55,16.4333,60.73,88,90,9.78
108,genc,TR,2021-11-12 23:57:04,38.7507,40.5603,42.87,55,0,3.62
109,torbay,CA,2021-11-12 23:57:05,47.6666,-52.7314,35.28,81,90,19.57
110,statesboro,US,2021-11-12 23:57:05,32.4488,-81.7832,62.47,82,1,0.0
111,koslan,RU,2021-11-12 23:57:05,63.4564,48.8989,29.89,96,99,6.69
112,penapolis,BR,2021-11-12 23:57:05,-21.4197,-50.0775,72.34,55,100,20.0
113,nikolskoye,RU,2021-11-12 23:57:06,59.7035,30.7861,39.87,89,99,7.14
114,malanje,AO,2021-11-12 23:57:06,-9.5402,16.341,63.48,95,98,2.91
115,ponta delgada,PT,2021-11-12 23:57:06,38.7333,-28.2667,63.0,85,95,18.57
116,plouzane,FR,2021-11-12 23:57:06,48.3833,-4.6167,55.45,91,90,5.75
117,port blair,CD,2021-11-12 23:57:07,-7.0349,29.7638,77.38,56,72,6.2
118,hami,CN,2021-11-12 23:57:07,42.8,93.45,27.59,54,0,5.32
119,chokurdakh,RU,2021-11-12 23:57:07,70.6333,147.9167,-2.88,93,100,8.61
120,avarua,CK,2021-11-12 23:57:07,-21.2078,-159.775,78.85,78,20,11.5
121,mehamn,NO,2021-11-12 23:57:08,71.0357,27.8492,23.81,76,67,11.77
122,emerald,AU,2021-11-12 23:57:08,-23.5333,148.1667,71.74,37,55,14.97
123,dunda,TZ,2021-11-12 23:57:08,-8.1167,34.25,69.94,50,78,2.01
124,sao joao da barra,IN,2021-11-12 23:57:08,20.5113,76.2129,64.63,62,71,4.94
125,nantucket,US,2021-11-12 23:56:57,41.2835,-70.0995,62.04,92,100,23.69
126,marfino,RU,2021-11-12 23:57:09,55.7028,37.3822,40.28,87,75,15.66
127,arraial do cabo,BR,2021-11-12 23:57:09,-22.8362,-46.646,60.21,85,96,14.41
128,igatpuri,IN,2021-11-12 23:57:09,19.7,73.55,65.52,41,84,6.85
129,kanker,IN,2021-11-12 23:57:10,20.2719,81.4931,69.51,98,99,2.68
130,radcliff,US,2021-11-12 23:57:10,37.8404,-85.9491,46.78,82,90,4.0
131,namibe,AO,2021-11-12 23:57:10,-15.1961,12.1522,67.96,89,11,5.35
132,tocache,PE,2021-11-12 23:57:11,-8.1842,-76.5125,71.94,97,98,0.6
133,mirpur bathoro,PK,2021-11-12 23:57:11,33.1489,73.7552,57.42,33,0,4.12
134,tsabong,BW,2021-11-12 23:57:11,-26.0217,22.401,76.21,18,1,10.22
135,eirunepe,BR,2021-11-12 23:57:11,-6.6603,-69.8736,73.22,97,100,2.1
136,agadez,NE,2021-11-12 23:57:12,19.75,10.25,75.72,17,89,5.64
137,urumqi,CN,2021-11-12 23:57:12,43.801,87.6005,20.35,74,0,2.24
138,bethel,US,2021-11-12 23:57:12,41.3712,-73.414,56.91,91,40,0.0
139,severo-yeniseyskiy,RU,2021-11-12 23:57:12,60.3725,93.0408,-7.76,97,50,3.33
140,ures,MX,2021-11-12 23:57:13,29.4333,-110.4,88.25,17,0,5.35
141,port-cartier,CA,2021-11-12 23:57:13,50.0334,-66.8654,35.74,86,100,16.06
142,owensboro,US,2021-11-12 23:57:13,37.7742,-87.1133,48.29,71,100,11.23
143,sao filipe,IN,2021-11-12 23:57:08,20.5113,76.2129,64.63,62,71,4.94
144,silvan,TR,2021-11-12 23:57:14,38.1419,41.0081,37.69,48,0,2.01
145,russell,US,2021-11-12 23:57:14,32.3502,-85.1999,56.48,55,0,2.21
146,lubbock,US,2021-11-12 23:57:14,33.6001,-101.8338,52.47,30,21,3.33
147,polonnaruwa,LK,2021-11-12 23:57:15,7.9333,81.0,75.94,74,86,6.73
148,victoria,HK,2021-11-12 23:57:12,22.2855,114.1577,71.26,52,100,1.99
149,chirongui,YT,2021-11-12 23:57:15,-12.9319,45.1483,78.73,77,19,11.5
150,anchorage,US,2021-11-12 23:53:48,61.2181,-149.9003,21.06,89,90,4.0
151,awbari,LY,2021-11-12 23:57:15,26.5921,12.7805,66.56,50,100,8.1
152,tadine,NC,2021-11-12 23:57:15,-21.55,167.8833,80.92,67,9,5.37
153,zhigalovo,RU,2021-11-12 23:58:16,54.8097,105.1578,15.3,98,86,3.09
154,comodoro rivadavia,BR,2021-11-12 23:58:16,-13.6631,-59.7858,69.57,98,96,3.69
155,tuktoyaktuk,CA,2021-11-12 23:58:16,69.4541,-133.0374,15.8,92,90,6.91
156,limburg,NL,2021-11-12 23:58:17,51.25,6.0,49.8,86,95,1.99
157,nagato,JP,2021-11-12 23:58:17,34.3833,131.2,53.51,56,68,12.53
158,dikson,RU,2021-11-12 23:58:17,73.5069,80.5464,9.21,94,100,15.32
159,ukiah,US,2021-11-12 23:55:02,39.1502,-123.2078,73.29,59,1,0.0
160,daru,PG,2021-11-12 23:58:17,-9.0763,143.2092,87.15,63,99,3.83
161,alice springs,US,2021-11-12 23:58:18,27.7523,-98.0697,80.17,47,0,7.38
162,zhezkazgan,KZ,2021-11-12 23:58:18,47.8043,67.7144,24.01,52,36,6.98
163,taunggyi,MM,2021-11-12 23:58:18,20.7833,97.0333,58.48,96,71,2.57
164,port lincoln,CD,2021-11-12 23:57:07,-7.0349,29.7638,77.38,56,72,6.2
165,college,US,2021-11-12 23:58:19,64.8569,-147.8028,7.2,78,90,0.0
166,sechura,PE,2021-11-12 23:58:19,-5.5569,-80.8222,67.39,70,58,15.23
167,qasigiannguit,GL,2021-11-12 23:58:19,68.8193,-51.1922,4.55,93,100,5.66
168,port victoria,CD,2021-11-12 23:58:19,-7.0349,29.7638,77.38,56,72,6.2
169,airai,TL,2021-11-12 23:58:20,-8.9266,125.4092,70.39,77,99,1.25
170,mys shmidta,RU,2021-11-12 23:58:20,62.0589,48.6201,31.08,88,98,4.92
171,olenino,RU,2021-11-12 23:58:20,56.2092,33.4889,37.96,85,96,10.33
172,svetlogorsk,BY,2021-11-12 23:58:21,52.6333,29.7333,35.6,92,85,5.41
173,alyangula,AU,2021-11-12 23:58:21,-13.8483,136.4192,84.07,70,40,11.5
174,carlsbad,US,2021-11-12 23:54:48,33.1581,-117.3506,94.19,38,1,4.0
175,pisco,PE,2021-11-12 23:58:21,-13.7,-76.2167,65.01,82,0,20.71
176,kirakira,SB,2021-11-12 23:58:21,-10.4544,161.9205,86.47,69,27,8.48
177,iqaluit,CA,2021-11-12 23:57:56,63.7506,-68.5145,15.53,79,90,9.22
178,pandan,PH,2021-11-12 23:58:22,14.0453,124.1694,81.01,86,82,12.24
179,zheleznodorozhnyy,RU,2021-11-12 23:58:22,55.7503,38.0042,40.55,86,100,14.32
180,sarab,IR,2021-11-12 23:58:22,38.6066,44.9883,38.08,69,1,0.63
181,guadalajara,MX,2021-11-12 23:58:23,20.6667,-103.3333,68.32,38,1,1.36
182,gariaband,IN,2021-11-12 23:58:23,20.635,82.0614,68.79,97,100,3.85
183,garden city,DE,2021-11-12 23:58:23,53.688,12.0492,43.63,84,100,8.14
184,faya,SA,2021-11-12 23:58:24,18.3851,42.4509,54.12,63,0,1.92
185,sao jose da coroa grande,IN,2021-11-12 23:58:24,20.5113,76.2129,64.63,62,71,4.94
186,tuatapere,NZ,2021-11-12 23:58:24,-46.1333,167.6833,51.3,97,100,6.58
187,katsuura,JP,2021-11-12 23:58:24,35.1333,140.3,62.19,63,2,9.75
188,panukulan,PH,2021-11-12 23:58:25,14.9333,121.8144,79.47,86,100,15.14
189,sabla,NG,2021-11-12 23:58:25,12.7525,4.7077,82.54,21,84,4.63
190,dubinino,RU,2021-11-12 23:58:25,55.6192,89.0911,32.59,83,100,13.53
191,port antonio,CD,2021-11-12 23:58:19,-7.0349,29.7638,77.38,56,72,6.2
192,krasnoselkup,RU,2021-11-12 23:58:26,65.7,82.4667,8.85,88,100,17.13
193,barsi,IN,2021-11-12 23:58:26,18.2333,75.7,70.56,74,77,9.46
194,egvekinot,RU,2021-11-12 23:58:26,66.3167,-179.1667,1.89,95,89,3.02
195,lorengau,PG,2021-11-12 23:58:26,-2.0226,147.2712,85.23,70,56,3.53
196,taltal,CL,2021-11-12 23:58:27,-25.4,-70.4833,63.57,75,23,4.12
197,naze,JP,2021-11-12 23:58:27,28.3667,129.4833,59.92,53,77,6.78
198,havoysund,NO,2021-11-12 23:58:27,70.9963,24.6622,31.08,81,100,18.23
199,leshukonskoye,RU,2021-11-12 23:58:27,64.8989,45.7622,25.52,88,92,5.95
200,bobo dioulasso,NG,2021-11-12 23:58:28,12.2858,6.1451,79.75,19,59,7.18
201,codrington,AU,2021-11-12 23:58:28,-38.2667,141.9667,54.48,51,100,16.15
202,eenhana,NA,2021-11-12 23:58:28,-17.4667,16.3333,73.2,53,99,5.61
203,ixtapa,MX,2021-11-12 23:58:28,20.7,-105.2,82.22,82,16,4.0
204,ponta do sol,PT,2021-11-12 23:59:29,38.7333,-28.2667,63.0,85,95,18.57
205,darhan,MN,2021-11-12 23:59:29,49.4867,105.9228,27.5,59,100,1.23
206,lobito,AO,2021-11-12 23:59:29,-12.3481,13.5456,77.34,85,51,8.68
207,konya,TR,2021-11-12 23:59:29,38.1667,32.5,34.0,44,7,3.02
208,bongandanga,CD,2021-11-12 23:59:30,1.5,21.05,70.79,98,99,1.83
209,touho,NC,2021-11-12 23:59:30,-20.7833,165.2333,79.11,75,82,5.26
210,shingu,JP,2021-11-12 23:59:30,33.7333,135.9833,52.79,58,1,4.14
211,broome,US,2021-11-12 23:59:31,42.2506,-75.833,46.58,67,31,7.0
212,luderitz,NA,2021-11-12 23:59:31,-26.6481,15.1594,65.5,63,18,16.17
213,kodiak,US,2021-11-12 23:59:31,57.79,-152.4072,24.69,63,15,12.19
214,san rafael del sur,ML,2021-11-12 23:59:31,13.3034,-4.8956,78.66,16,67,10.36
215,catuday,PH,2021-11-12 23:59:32,16.2923,119.8062,79.95,75,94,12.62
216,milkovo,RU,2021-11-12 23:59:32,54.7167,158.6167,32.22,99,100,3.36
217,gaziantep,TR,2021-11-12 23:59:32,37.0594,37.3825,39.13,56,0,0.0
218,esperance,AU,2021-11-12 23:59:33,-33.8667,121.9,53.44,54,85,5.64
219,ostuacan,MX,2021-11-12 23:59:33,17.4167,-93.3,67.68,93,50,2.37
220,smidovich,RU,2021-11-12 23:59:33,48.6,133.8167,23.11,88,23,11.16
221,itarema,BR,2021-11-12 23:59:33,-2.9248,-39.9167,80.64,73,19,10.09
222,korla,CN,2021-11-12 23:59:34,41.7597,86.1469,29.68,38,0,3.09
223,brae,GB,2021-11-12 23:59:34,60.3964,-1.353,49.91,93,98,9.98
224,cassilandia,BR,2021-11-12 23:59:30,-19.1133,-51.7342,74.84,73,93,6.98
225,erzin,TR,2021-11-12 23:59:34,36.9559,36.2,48.72,38,0,6.33
226,berlevag,NO,2021-11-12 23:59:34,70.8578,29.0864,26.1,70,89,12.64
227,kaitangata,NZ,2021-11-12 23:59:35,-46.2817,169.8464,50.38,97,100,9.15
228,hamilton,US,2021-11-12 23:57:05,39.1834,-84.5333,45.99,83,100,1.01
229,mpika,ZM,2021-11-12 23:59:35,-11.8343,31.4529,68.95,44,63,5.77
230,zeya,RU,2021-11-12 23:59:35,53.75,127.2667,21.0,58,8,5.5
231,tiksi,RU,2021-11-12 23:59:36,71.6872,128.8694,-9.09,100,90,0.96
232,lusambo,CD,2021-11-12 23:59:36,-4.9667,23.45,67.3,97,100,0.43
233,ailigandi,PA,2021-11-12 23:59:36,9.2333,-78.0167,80.1,85,57,6.17
234,minab,IR,2021-11-12 23:59:36,27.1467,57.0801,65.7,37,0,2.73
235,hobyo,SO,2021-11-12 23:59:37,5.3505,48.5268,79.99,73,95,12.91
236,baykit,RU,2021-11-12 23:59:37,61.67,96.37,-9.92,98,90,1.39
237,moron,AR,2021-11-12 23:59:37,-34.6534,-58.6198,71.01,76,1,5.01
238,vicksburg,US,2021-11-12 23:59:37,32.3526,-90.8779,62.56,72,1,0.0
239,vila velha,PT,2021-11-12 23:59:38,42.0304,-8.1588,45.93,86,21,3.69
240,churapcha,RU,2021-11-12 23:59:38,62.0025,132.4325,2.44,94,100,5.08
241,santiago,CL,2021-11-12 23:58:22,-33.4569,-70.6483,67.44,43,20,8.05
242,fortuna,US,2021-11-12 23:59:38,40.5982,-124.1573,67.19,69,20,1.99
243,cayenne,GF,2021-11-12 23:59:39,4.9333,-52.3333,81.09,85,0,0.0
244,northam,GB,2021-11-12 23:59:39,51.0333,-4.2167,55.62,87,76,17.69
245,port-gentil,GA,2021-11-12 23:59:39,-0.7193,8.7815,78.76,89,40,6.91
246,pangkalanbuun,ID,2021-11-12 23:59:39,-2.6833,111.6167,75.42,95,100,2.24
247,santa rosa,PH,2021-11-12 23:59:40,17.486,120.4348,80.33,73,58,4.41
248,banda aceh,IN,2021-11-12 23:59:40,25.4833,80.3333,64.67,48,82,0.83
249,kovylkino,RU,2021-11-12 23:59:40,54.0388,43.9139,35.62,97,100,19.19
250,masaka,UG,2021-11-12 23:59:40,-0.3338,31.7341,60.22,90,78,6.24
251,ostrovnoy,RU,2021-11-12 23:59:41,68.0531,39.5131,29.07,65,100,13.13
252,zyryanka,RU,2021-11-12 23:59:41,65.75,150.85,2.39,95,98,5.84
253,sibu,MY,2021-11-12 23:59:41,2.3,111.8167,75.51,94,40,5.01
254,hambantota,LK,2021-11-12 23:59:41,6.1241,81.1185,78.15,83,72,14.14
255,havelock,US,2021-11-13 00:00:42,34.8791,-76.9013,64.96,94,100,3.67
256,bom jesus,ML,2021-11-13 00:00:42,14.9539,-2.9272,76.95,11,93,5.91
257,morazan,HN,2021-11-13 00:00:42,15.3167,-87.6,76.82,98,39,2.46
258,cockburn town,AU,2021-11-13 00:00:42,-32.0833,141.0,59.67,44,64,19.33
259,swan hill,PH,2021-11-13 00:00:43,18.2242,121.3791,76.84,92,88,1.9
260,roma,US,2021-11-13 00:00:43,43.2128,-75.4557,46.67,90,1,4.61
261,grand river south east,US,2021-11-13 00:00:43,38.8755,-109.5012,49.95,44,5,1.61
262,castro,BR,2021-11-13 00:00:44,-24.7911,-50.0119,54.12,92,37,11.12
263,maribo,DK,2021-11-13 00:00:44,54.7766,11.5002,45.99,85,100,14.56
264,mangaratiba,BR,2021-11-13 00:00:44,-22.9597,-44.0406,67.03,76,100,2.66
265,kayerkan,RU,2021-11-13 00:00:44,69.3497,87.7602,9.05,85,100,17.49
266,nhulunbuy,AU,2021-11-13 00:00:45,-12.2333,136.7667,84.81,79,40,9.22
267,wellington,NZ,2021-11-13 00:00:45,-41.2866,174.7756,66.76,95,75,1.99
268,san policarpo,ML,2021-11-13 00:00:45,13.3034,-4.8956,78.66,16,67,10.36
269,sola,VU,2021-11-13 00:00:46,-13.8833,167.55,82.29,74,43,11.63
270,robertsport,LR,2021-11-13 00:00:46,6.7533,-11.3686,79.21,82,69,6.53
271,port alfred,CD,2021-11-13 00:00:46,-7.0349,29.7638,77.38,56,72,6.2
272,rossland,CA,2021-11-13 00:00:46,49.0831,-117.8022,39.9,10,100,0.51
273,panalingaan,PH,2021-11-13 00:00:47,8.7842,117.4231,77.79,87,100,3.89
274,picota,PE,2021-11-13 00:00:47,-6.9197,-76.3304,78.49,77,94,2.35
275,gravdal,NO,2021-11-13 00:00:47,68.1214,13.5031,37.94,67,100,18.39
276,noumea,NC,2021-11-13 00:00:48,-22.2763,166.4572,89.58,99,79,8.28
277,kudahuvadhoo,MV,2021-11-13 00:00:48,2.6708,72.8944,82.24,77,30,20.18
278,thompson,CA,2021-11-12 23:56:23,55.7435,-97.8558,23.16,74,90,6.91
279,winkler,CA,2021-11-13 00:00:48,49.1817,-97.941,29.12,92,96,10.09
280,cabo san lucas,BR,2021-11-13 00:00:05,-8.2833,-35.0333,77.88,83,44,8.05
281,san carlos de bariloche,ML,2021-11-12 23:59:31,13.3034,-4.8956,78.66,16,67,10.36
282,phan rang,TH,2021-11-13 00:00:48,19.5539,99.7405,70.81,94,78,2.13
283,geraldton,AU,2021-11-13 00:00:49,-28.7667,114.6,73.81,38,0,8.05
284,adrar,MR,2021-11-13 00:00:49,20.5022,-10.0711,73.2,46,78,5.57
285,cleburne,US,2021-11-13 00:00:49,32.3476,-97.3867,60.82,32,1,10.36
286,marawi,PH,2021-11-13 00:00:50,7.9986,124.2928,71.65,79,98,0.98
287,clinton,US,2021-11-13 00:00:50,42.587,-82.9199,44.94,67,97,1.01
288,puerto del rosario,ES,2021-11-13 00:00:50,36.5939,-6.233,53.74,73,0,2.3
289,cururupu,BR,2021-11-13 00:00:50,-1.8283,-44.8683,76.1,89,37,3.44
290,boa viagem,CM,2021-11-13 00:00:51,4.4296,8.9742,76.89,91,84,2.21
291,longyearbyen,SJ,2021-11-13 00:00:51,78.2186,15.6401,-2.74,84,95,3.6
292,kenai,US,2021-11-13 00:00:51,60.5544,-151.2583,24.1,89,90,4.61
293,mumbwa,ZM,2021-11-13 00:00:51,-14.9783,27.0619,68.88,62,51,5.5
294,saint-joseph,RE,2021-11-13 00:00:52,-21.3667,55.6167,70.18,80,34,5.73
295,kavieng,PG,2021-11-13 00:00:52,-2.5744,150.7967,84.51,69,98,4.88
296,pevek,RU,2021-11-13 00:00:52,69.7008,170.3133,11.46,94,99,7.83
297,bagnols-sur-ceze,FR,2021-11-13 00:00:52,44.1599,4.6178,46.62,87,4,2.3
298,sumbe,AO,2021-11-13 00:00:53,-11.2061,13.8437,77.47,88,70,9.37
299,pueblo nuevo,US,2021-11-13 00:00:53,38.2545,-104.6091,51.94,42,21,4.83
300,konstantinovo,BY,2021-11-13 00:00:53,54.6628,29.2699,34.52,96,48,6.69
301,santa marta,PH,2021-11-12 23:59:40,17.486,120.4348,80.33,73,58,4.41
302,whitianga,NZ,2021-11-13 00:00:53,-36.8333,175.7,67.01,98,100,10.27
303,kumluca,TR,2021-11-13 00:00:54,36.3703,30.2869,62.08,32,98,6.08
304,makurdi,NG,2021-11-13 00:00:54,7.7411,8.5121,78.73,69,45,4.21
305,qingdao,CN,2021-11-13 00:00:02,36.0986,120.3719,51.75,49,0,6.13
306,morondava,MG,2021-11-13 00:01:54,-20.2833,44.2833,77.67,81,88,2.53
307,knysna,ZA,2021-11-13 00:01:55,-34.0363,23.0471,59.74,89,62,4.05
308,santa cruz,PH,2021-11-13 00:01:55,17.486,120.4348,80.33,73,58,4.41
309,waipawa,NZ,2021-11-13 00:01:55,-41.4122,175.5153,63.45,82,100,8.75
310,arezzo,IT,2021-11-13 00:01:56,43.4724,11.869,54.32,91,67,1.79
311,mackay,AU,2021-11-12 23:57:24,-21.15,149.2,76.98,50,40,14.97
312,elko,US,2021-11-13 00:01:56,41.0002,-115.5012,52.75,48,6,3.51
313,virginia beach,US,2021-11-13 00:01:56,37.5481,-77.4467,56.28,68,1,3.44
314,provideniya,RU,2021-11-13 00:01:56,64.3833,-173.3,18.27,93,97,1.97
315,mae sai,CN,2021-11-13 00:01:57,34.8244,108.9303,41.22,45,0,4.16
316,hovd,MN,2021-11-13 00:01:48,48.0056,91.6419,26.83,23,100,8.41
317,ereymentau,KZ,2021-11-13 00:01:57,51.6199,73.1033,27.05,55,100,17.76
318,hesperia,US,2021-11-13 00:01:57,34.4264,-117.3009,82.29,25,0,5.99
319,arlit,NE,2021-11-13 00:01:57,18.7369,7.3853,79.7,15,99,7.07
320,kloulklubed,PW,2021-11-13 00:01:58,7.0419,134.2556,86.5,73,64,8.39
321,eyl,SO,2021-11-13 00:01:58,7.9803,49.8164,75.97,78,62,10.85
322,coos bay,US,2021-11-13 00:01:58,43.1665,-124.0015,66.72,97,100,4.27
323,waitati,NZ,2021-11-13 00:01:59,-45.75,170.5667,54.81,66,100,6.42
324,aksay,RU,2021-11-13 00:01:59,47.26,39.87,45.25,54,24,11.01
325,sistranda,NO,2021-11-13 00:01:59,63.7256,8.834,35.91,71,95,23.85
326,lewisporte,CA,2021-11-13 00:01:59,49.2499,-55.0482,31.55,76,90,6.4
327,gao,ML,2021-11-13 00:01:53,16.6362,1.637,75.76,10,91,10.31
328,ust-kuyga,RU,2021-11-13 00:02:00,70.0167,135.6,-15.66,100,100,5.35
329,yorosso,ML,2021-11-13 00:02:00,12.3536,-4.7761,76.87,18,64,6.49
330,asau,RO,2021-11-13 00:02:00,46.4333,26.4,37.76,54,58,1.45
331,meadow lake,US,2021-11-13 00:02:01,45.5291,-102.2163,28.67,37,43,4.56
332,mareeba,AU,2021-11-13 00:01:45,-17.0,145.4333,88.32,68,81,4.03
333,mozarlandia,BR,2021-11-13 00:02:01,-14.7447,-50.5706,74.1,90,100,3.22
334,sinnamary,GF,2021-11-12 23:57:24,5.3833,-52.95,78.24,85,84,8.05
335,sur,OM,2021-11-13 00:02:01,22.5667,59.5289,76.19,51,0,7.94
336,graben-neudorf,DE,2021-11-13 00:02:01,49.167,8.4924,40.6,92,14,3.94
337,calama,CL,2021-11-13 00:02:02,-22.4667,-68.9333,59.25,21,98,7.2
338,oga,IT,2021-11-13 00:02:02,46.4631,10.347,25.34,97,51,3.38
339,sciacca,IT,2021-11-13 00:02:02,37.5082,13.0881,61.47,68,78,6.04
340,mahibadhoo,MV,2021-11-13 00:02:02,3.7833,72.9667,82.04,78,39,21.21
341,beloha,MG,2021-11-13 00:02:03,-25.1667,45.05,70.18,95,58,6.55
342,auki,SB,2021-11-13 00:02:03,-8.7676,160.7034,84.72,72,60,4.07
343,neiafu,TO,2021-11-13 00:02:03,-18.65,-173.9833,80.11,70,99,3.6
344,sandwick,GB,2021-11-13 00:02:04,60.0,-1.25,49.82,100,90,3.44
345,myitkyina,MM,2021-11-13 00:02:04,25.3833,97.4,62.35,91,83,2.55
346,atar,MR,2021-11-13 00:02:04,20.5169,-13.0499,78.75,33,58,3.42
347,meulaboh,ID,2021-11-13 00:02:04,4.1363,96.1285,74.19,89,83,4.09
348,ahipara,NZ,2021-11-13 00:02:05,-35.1667,173.1667,67.23,97,100,14.43
349,kondinskoye,RU,2021-11-13 00:02:05,59.6481,67.41,27.72,92,78,12.82
350,elbistan,TR,2021-11-13 00:02:05,38.2059,37.1983,40.21,44,0,0.13
351,kurilsk,RU,2021-11-13 00:02:05,45.2333,147.8833,43.83,74,62,19.6
352,batticaloa,LK,2021-11-13 00:02:06,7.7102,81.6924,78.26,82,100,3.67
353,sobolevo,RU,2021-11-13 00:02:06,54.4299,31.8996,34.83,95,34,9.75
354,kidodi,TZ,2021-11-13 00:02:06,-7.6036,37.0044,72.55,82,80,1.81
355,antalaha,MG,2021-11-13 00:02:07,-14.9003,50.2788,70.77,89,52,5.06
356,buraydah,SA,2021-11-13 00:02:07,26.326,43.975,58.87,39,49,9.35
357,arcata,US,2021-11-13 00:03:07,40.8665,-124.0828,66.2,78,98,4.09
358,belaya gora,UA,2021-11-13 00:03:07,49.029,25.7706,38.98,77,2,6.22
359,bairiki,KI,2021-11-13 00:03:08,1.3292,172.9752,81.95,72,86,15.32
360,tarakan,ID,2021-11-13 00:03:08,3.3,117.6333,77.41,85,100,6.93
361,sangar,RU,2021-11-13 00:03:08,63.9242,127.4739,-14.94,99,100,2.13
362,gambela,ET,2021-11-13 00:03:09,8.25,34.5833,76.84,60,97,4.41
363,batouri,CM,2021-11-13 00:03:09,4.4333,14.3667,68.11,94,48,1.01
364,ati,TD,2021-11-13 00:03:09,13.2154,18.3353,83.14,16,2,10.47
365,tilichiki,RU,2021-11-13 00:03:09,60.4667,166.1,31.48,99,100,3.83
366,klaksvik,FO,2021-11-13 00:03:10,62.2266,-6.589,47.32,90,100,25.32
367,portland,US,2021-11-12 23:54:47,45.5234,-122.6762,61.16,95,100,1.99
368,kota belud,IN,2021-11-13 00:03:10,25.1833,75.8333,64.0,46,13,2.44
369,sheltozero,RU,2021-11-13 00:03:10,61.3667,35.3667,36.21,81,99,10.92
370,yulara,AU,2021-11-13 00:03:11,-25.2406,130.9889,63.95,33,0,8.32
371,san julian,ML,2021-11-13 00:00:45,13.3034,-4.8956,78.66,16,67,10.36
372,kiama,AU,2021-11-13 00:01:14,-34.6833,150.8667,64.26,56,100,16.73
373,pemangkat,ID,2021-11-13 00:03:11,1.1667,108.9667,74.8,94,100,6.96
374,lagoa,PT,2021-11-13 00:03:11,39.05,-27.9833,67.41,85,96,17.85
375,seoul,KR,2021-11-12 23:59:43,37.5683,126.9778,44.04,86,20,1.14
376,margate,GB,2021-11-13 00:03:12,51.3813,1.3862,54.97,84,100,1.99
377,ilulissat,GL,2021-11-13 00:03:12,69.2167,-51.1,8.62,47,75,13.8
378,mount gambier,GB,2021-11-13 00:03:12,53.6597,-1.8537,51.98,70,93,5.01
379,ziro,IN,2021-11-13 00:03:13,27.6333,93.8333,41.23,79,70,2.37
380,san vicente,ML,2021-11-13 00:00:45,13.3034,-4.8956,78.66,16,67,10.36
381,hitoyoshi,JP,2021-11-13 00:03:13,32.2167,130.75,48.7,82,70,3.02
382,agirish,RU,2021-11-13 00:03:13,61.9247,63.0231,28.44,94,96,9.13
383,wokha,IN,2021-11-13 00:03:14,26.1,94.2667,46.98,95,87,3.2
384,bilibino,RU,2021-11-13 00:03:14,68.0546,166.4372,13.91,96,99,3.24
385,nizwa,OM,2021-11-13 00:03:14,22.9333,57.5333,67.24,50,0,2.75
386,oron,NG,2021-11-13 00:03:14,4.8256,8.2343,77.49,90,98,3.24
387,abilene,US,2021-11-13 00:02:20,32.4487,-99.7331,59.49,28,1,8.05
388,boende,CD,2021-11-13 00:03:15,-0.2167,20.8667,70.88,97,100,1.23
389,oussouye,SN,2021-11-13 00:03:15,12.485,-16.5469,76.86,79,100,3.96
390,biak,ID,2021-11-13 00:03:15,-0.9131,122.8766,82.02,70,99,1.25
391,pacific grove,US,2021-11-13 00:03:15,38.482,-90.7415,41.95,64,95,3.0
392,shasta lake,US,2021-11-13 00:03:16,40.7665,-122.0344,66.76,66,32,0.54
393,murgab,TM,2021-11-13 00:03:16,37.4966,61.9714,40.57,76,58,6.73
394,buala,SB,2021-11-13 00:03:16,-8.145,159.5921,85.87,70,67,5.41
395,sidoarjo,ID,2021-11-13 00:02:23,-7.4478,112.7183,80.56,89,20,3.44
396,wanning,CN,2021-11-13 00:03:16,18.8003,110.3967,70.16,70,98,13.33
397,acarau,BR,2021-11-13 00:00:08,-2.8856,-40.12,80.6,74,12,10.96
398,krasnoye,UA,2021-11-13 00:03:17,49.9145,24.6134,42.19,86,1,6.04
399,rubtsovsk,RU,2021-11-13 00:03:17,51.5,81.25,33.37,79,100,13.4
400,muros,ES,2021-11-13 00:03:17,42.7762,-9.0603,56.98,88,32,7.47
401,quibdo,CO,2021-11-13 00:03:18,5.6947,-76.6611,73.85,98,82,2.59
402,cap malheureux,FR,2021-11-13 00:03:18,49.2718,-1.2104,54.86,86,100,13.09
403,opuwo,NA,2021-11-13 00:03:18,-18.0607,13.84,72.59,48,60,3.83
404,yar-sale,RU,2021-11-13 00:03:18,66.8333,70.8333,14.5,97,100,0.98
405,tessalit,ML,2021-11-13 00:03:19,20.1986,1.0114,70.9,14,98,8.28
406,tura,IN,2021-11-13 00:03:19,25.5198,90.2201,59.23,89,30,3.53
407,wuning,CN,2021-11-13 00:03:19,29.2589,120.2311,54.09,69,100,1.7
408,half moon bay,LR,2021-11-13 00:04:20,6.3807,-10.6953,76.89,88,73,5.26
409,olafsvik,IS,2021-11-13 00:04:20,64.8945,-23.7142,40.39,68,100,15.41
410,ingham,US,2021-11-13 00:04:20,42.6,-84.3833,39.88,86,90,9.22
411,samarai,PG,2021-11-13 00:04:21,-10.6167,150.6667,84.04,72,100,4.16
412,yugorsk,RU,2021-11-13 00:04:21,61.3133,63.3319,28.89,92,100,8.97
413,ambalavao,MG,2021-11-13 00:04:21,-21.8333,46.9333,66.79,90,100,1.34
414,yakima,US,2021-11-13 00:03:28,46.4665,-120.6678,52.68,93,90,6.91
415,rugby,GB,2021-11-13 00:04:21,52.3709,-1.2642,53.08,84,95,1.01
416,tiznit,MA,2021-11-13 00:04:22,29.5833,-9.5,54.16,84,19,3.22
417,jacqueville,CI,2021-11-13 00:04:22,5.2052,-4.4146,82.31,83,88,10.45
418,veraval,IN,2021-11-13 00:04:22,20.9,70.3667,73.81,40,58,13.15
419,roebourne,AU,2021-11-13 00:04:22,-20.7833,117.1333,81.86,28,75,14.0
420,ossora,RU,2021-11-13 00:04:23,59.2353,163.0719,28.31,92,83,4.63
421,areia branca,BR,2021-11-13 00:04:23,-6.9633,-35.6917,71.2,90,41,12.91
422,tommot,RU,2021-11-13 00:04:23,58.9564,126.2925,14.27,93,100,7.47
423,alto araguaia,US,2021-11-13 00:04:23,31.6505,-95.0727,63.84,46,0,7.72
424,zhigansk,RU,2021-11-13 00:04:24,66.7697,123.3711,-13.16,94,95,8.32
425,grand gaube,US,2021-11-13 00:04:24,38.8755,-109.5012,56.59,44,5,1.61
426,zhuhai,CN,2021-11-13 00:04:24,22.2769,113.5678,70.99,52,0,16.11
427,inirida,CO,2021-11-13 00:04:24,3.8653,-67.9239,75.97,87,97,0.74
428,bathsheba,BB,2021-11-13 00:04:25,13.2167,-59.5167,79.92,76,84,15.08
429,zaltan,LY,2021-11-13 00:04:25,32.947,11.8665,62.82,52,45,9.1
430,wroclaw,PL,2021-11-13 00:04:09,51.1,17.0333,42.08,89,32,3.0
431,isiro,CD,2021-11-13 00:04:25,2.7739,27.616,66.58,98,96,1.41
432,karpogory,RU,2021-11-13 00:04:25,64.0019,44.4451,29.91,91,100,8.66
433,rafaela,AR,2021-11-13 00:04:26,-31.2503,-61.4867,76.05,41,0,3.0
434,duyun,CN,2021-11-13 00:04:26,26.2667,107.5167,45.46,90,73,2.64
435,andenes,NO,2021-11-13 00:04:26,69.3143,16.1194,35.58,69,98,25.32
436,vangaindrano,MG,2021-11-13 00:04:27,-23.35,47.6,72.37,94,83,5.28
437,nizhniy kuranakh,RU,2021-11-13 00:04:27,45.3926,39.2364,35.62,92,27,6.96
438,wilmington,US,2021-11-13 00:03:03,34.2257,-77.9447,62.51,82,1,0.0
439,tiarei,PF,2021-11-13 00:04:27,-17.5333,-149.3333,84.22,63,52,10.07
440,zhanaozen,KZ,2021-11-13 00:04:27,43.3,52.8,30.85,53,15,8.75
441,kuryk,KZ,2021-11-13 00:04:28,43.2,51.65,44.4,73,35,8.61
442,batagay-alyta,RU,2021-11-13 00:04:28,67.8006,130.4114,-1.26,98,100,2.91
443,jacareacanga,BR,2021-11-13 00:04:28,-6.2222,-57.7528,74.07,90,82,1.39
444,fairbanks,US,2021-11-13 00:01:04,64.8378,-147.7164,7.21,79,90,0.0
445,ambon,ID,2021-11-13 00:04:29,-3.6954,128.1814,84.34,79,20,4.61
446,whitehorse,CA,2021-11-13 00:04:17,60.7161,-135.0538,27.37,86,90,5.99
447,rocha,UY,2021-11-13 00:01:26,-34.4833,-54.3333,56.07,74,99,9.06
448,jesus carranza,PY,2021-11-13 00:04:29,-27.05,-55.7833,73.02,67,14,6.82
449,porto novo,PT,2021-11-13 00:00:09,41.1496,-8.611,54.03,89,21,3.0
450,vila,PT,2021-11-13 00:04:29,42.0304,-8.1588,46.92,86,21,3.69
451,lommel,BE,2021-11-13 00:04:29,51.2317,5.311,49.91,90,90,5.99
452,kemise,ET,2021-11-13 00:04:30,10.7167,39.8667,63.19,63,50,3.0
453,aykhal,RU,2021-11-13 00:04:30,66.0,111.5,-11.69,96,94,3.62
454,port hardy,CD,2021-11-13 00:04:30,-7.0349,29.7638,77.38,56,72,6.2
455,jaciara,BR,2021-11-13 00:04:31,-15.9653,-54.9683,73.99,91,100,2.66
456,sambava,MG,2021-11-13 00:04:31,-14.2667,50.1667,73.83,82,25,6.2
457,kokopo,PG,2021-11-13 00:04:31,-4.352,152.2633,85.44,66,86,3.94
458,cervo,ES,2021-11-13 00:04:31,43.6702,-7.4101,55.96,88,16,3.44
459,yangambi,CD,2021-11-13 00:05:32,0.8102,24.4336,69.62,99,100,2.33
460,dudinka,RU,2021-11-13 00:05:32,69.4058,86.1778,8.98,92,100,21.77
461,vega de alatorre,US,2021-11-13 00:05:32,35.2428,-102.4283,50.92,35,27,4.63
462,hornepayne,CA,2021-11-13 00:05:32,49.2138,-84.7705,29.79,94,100,3.69
463,camacha,PT,2021-11-13 00:05:33,33.0833,-16.3333,63.82,68,75,3.44
464,kolobovo,RU,2021-11-13 00:05:33,56.702,41.3417,32.45,98,100,8.28
465,turayf,SA,2021-11-13 00:05:33,31.6725,38.6637,54.55,30,87,11.74
466,mandalgovi,MN,2021-11-13 00:05:33,45.7625,106.2708,27.54,36,77,9.73
467,coquimbo,CL,2021-11-13 00:01:29,-29.9533,-71.3436,60.57,78,5,8.68
468,opelika,US,2021-11-13 00:05:34,32.6454,-85.3783,57.07,74,1,4.61
469,aktau,KZ,2021-11-13 00:05:34,43.65,51.2,32.58,69,41,9.57
470,haines junction,US,2021-11-13 00:05:34,59.2286,-135.4441,37.08,86,90,11.5
471,pitimbu,BR,2021-11-13 00:05:35,-7.4706,-34.8086,79.39,77,27,12.91
472,erenhot,CN,2021-11-13 00:05:35,43.6475,111.9767,25.2,69,54,10.16
473,nelson bay,NZ,2021-11-13 00:05:35,-41.2833,173.2833,64.69,97,100,1.01
474,palmer,US,2021-11-13 00:05:35,42.1584,-72.3287,57.22,79,75,0.0
475,tual,ID,2021-11-13 00:05:36,-5.6667,132.75,84.45,69,100,0.22
476,bosaso,SO,2021-11-13 00:05:36,11.2842,49.1816,75.88,72,56,3.53
477,frutal,BR,2021-11-13 00:05:36,-20.0247,-48.9406,74.77,64,100,13.18
478,dire dawa,ML,2021-11-13 00:05:36,12.2833,-10.9667,75.74,54,100,2.73
479,imbituba,BR,2021-11-13 00:05:37,-28.24,-48.6703,64.81,80,99,7.18
480,maragogi,BR,2021-11-13 00:05:37,-9.0122,-35.2225,78.76,81,52,11.21
481,amapa,BR,2021-11-13 00:05:37,1.0,-52.0,78.87,63,57,4.61
482,aasiaat,GL,2021-11-13 00:05:38,68.7098,-52.8699,6.28,95,100,6.8
483,flinders,AU,2021-11-13 00:05:38,-34.5833,150.8552,64.06,61,99,15.99
484,lata,PT,2021-11-13 00:05:38,40.1629,-8.3327,47.07,78,6,3.04
485,maneromango,TZ,2021-11-13 00:05:38,-7.1988,38.7848,68.36,97,64,2.28
486,port-de-bouc,FR,2021-11-13 00:05:39,43.4,4.9833,60.58,90,0,9.22
487,turbat,PK,2021-11-13 00:01:16,26.0023,63.044,69.73,22,0,6.22
488,zabid,YE,2021-11-13 00:05:39,14.1951,43.3152,79.95,53,67,2.51
489,kabare,CD,2021-11-13 00:05:39,-2.4683,28.8242,61.23,89,91,2.53
490,belyy yar,RU,2021-11-13 00:05:39,55.8402,32.9419,39.24,84,100,10.6
491,vila franca do campo,PT,2021-11-13 00:04:29,42.0304,-8.1588,46.92,86,21,3.69
492,cockburn harbour,AU,2021-11-13 00:05:40,-32.0833,141.0,59.67,44,64,19.33
493,fengzhen,CN,2021-11-13 00:05:40,40.4394,113.1536,19.65,83,5,1.59
494,yatou,CN,2021-11-13 00:05:40,37.15,122.3833,46.18,56,0,5.75
495,tamara,HN,2021-11-13 00:05:41,14.15,-87.3333,63.72,86,66,4.27
496,severo-kurilsk,RU,2021-11-13 00:05:41,50.6789,156.125,42.4,95,100,5.46
497,bac lieu,RS,2021-11-13 00:05:41,45.3919,19.2367,42.31,78,100,1.48
498,mogadishu,SO,2021-11-13 00:05:20,2.0371,45.3438,79.7,75,99,12.64
499,manta,EC,2021-11-13 00:05:41,-0.95,-80.7333,71.38,83,90,11.5
500,elizabeth city,US,2021-11-13 00:05:42,40.664,-74.2107,59.95,57,20,10.0
501,kawana waters,AU,2021-11-13 00:05:42,-23.3335,150.5051,73.31,40,65,9.22
502,robertson,US,2021-11-13 00:05:42,36.5167,-86.8667,57.18,88,90,18.41
503,abay,KZ,2021-11-13 00:05:42,49.6311,72.8539,21.58,85,33,10.27
504,manaure,CO,2021-11-13 00:05:43,11.7751,-72.4445,82.18,68,46,19.91
505,santa cruz de rosales,PH,2021-11-13 00:05:43,17.486,120.4348,80.33,73,58,4.41
506,saint-francois,FR,2021-11-13 00:05:43,46.4154,3.9054,33.24,100,24,4.61
507,fort-shevchenko,KZ,2021-11-13 00:05:43,44.5086,50.263,47.16,75,87,15.37
508,nizhniy odes,RU,2021-11-13 00:05:44,45.3926,39.2364,35.62,92,27,6.96
509,bandarbeyla,SO,2021-11-13 00:05:44,9.4942,50.8122,77.41,77,53,12.33
510,dubbo,AU,2021-11-13 00:06:44,-32.25,148.6167,57.33,62,68,23.02
511,praia,CV,2021-11-13 00:06:45,14.9215,-23.5087,75.79,75,30,9.75
512,hailar,CN,2021-11-13 00:06:45,49.2,119.7,25.32,87,50,10.13
513,kandrian,PG,2021-11-13 00:06:45,-6.2167,149.55,87.01,64,96,3.74
514,zabol,AF,2021-11-13 00:06:45,32.25,67.25,37.96,33,0,4.23
515,klaipeda,LT,2021-11-13 00:06:46,55.7172,21.1175,37.45,82,100,7.72
516,jumla,NP,2021-11-13 00:06:46,29.2747,82.1838,41.97,29,0,5.35
517,konevo,RU,2021-11-13 00:06:46,62.1215,39.3192,32.4,86,100,5.17
518,seddon,AU,2021-11-13 00:06:47,-37.8068,144.8916,57.2,84,75,10.0
519,nevel,RU,2021-11-13 00:06:47,56.0209,29.9284,39.47,78,79,7.74
520,kovdor,RU,2021-11-13 00:06:47,67.5662,30.4758,11.88,99,86,1.66
521,bulgan,MN,2021-11-13 00:06:47,48.8125,103.5347,27.88,36,52,3.8
522,mamallapuram,IN,2021-11-13 00:06:48,12.6264,80.1722,77.05,90,80,5.73
523,hualmay,PE,2021-11-13 00:06:48,-11.0964,-77.6139,64.87,80,97,11.95
524,east liverpool,IS,2021-11-13 00:06:48,65.0,-15.0,26.47,100,100,2.15
525,xinpu,CN,2021-11-13 00:06:48,34.5997,119.1594,47.43,65,0,4.61
526,lamar,US,2021-11-13 00:06:42,33.6668,-95.5836,53.51,26,1,9.22
527,muzhi,RU,2021-11-13 00:06:49,65.3667,64.6667,16.0,92,100,4.14
528,tulagi,SB,2021-11-13 00:06:49,-9.0996,160.1476,83.12,75,37,9.73
529,tera,NE,2021-11-13 00:06:49,14.0078,0.7531,81.88,11,79,12.17
530,fuerte olimpo,PH,2021-11-13 00:06:49,17.5381,120.3644,80.76,73,62,4.21
531,yaan,NG,2021-11-13 00:06:50,7.3833,8.5667,77.25,74,51,4.97
532,polczyn-zdroj,PL,2021-11-13 00:06:50,53.7642,16.0957,43.29,91,96,13.62
533,eureka,US,2021-11-13 00:06:50,40.8021,-124.1637,66.2,78,99,3.0
534,chapais,CA,2021-11-13 00:06:51,49.7834,-74.8492,37.81,97,100,6.4
535,togul,RU,2021-11-13 00:06:51,53.465,85.9128,32.99,90,99,14.45
536,pampas,PE,2021-11-13 00:06:51,-12.4,-74.9,52.07,86,100,1.07
537,punta alta,PH,2021-11-13 00:06:51,8.9897,125.34,81.84,75,97,4.07
538,tazovskiy,RU,2021-11-13 00:06:52,67.4667,78.7,13.26,94,100,13.82
539,chokwe,MZ,2021-11-13 00:06:52,-24.5333,32.9833,77.27,65,99,9.57
540,bengkulu,ID,2021-11-13 00:05:58,-3.8004,102.2655,76.64,87,95,3.0
541,husavik,IS,2021-11-13 00:06:52,66.0449,-17.3389,26.46,81,100,13.04
542,lautaro,CL,2021-11-13 00:06:53,-38.5167,-72.45,55.38,82,100,5.06
543,ndjole,GA,2021-11-13 00:06:53,-0.1783,10.7649,73.9,99,100,1.34
544,high level,US,2021-11-13 00:06:53,33.6123,-95.7472,57.06,37,7,9.24
545,norrtalje,SE,2021-11-13 00:06:53,59.758,18.705,41.85,79,100,1.95
546,north bend,FR,2021-11-13 00:06:54,50.3333,3.6667,52.12,95,94,13.04
547,charters towers,US,2021-11-13 00:06:54,38.5736,-83.4333,53.98,62,78,9.84
548,rypefjord,NO,2021-11-13 00:06:54,70.6333,23.6667,32.47,80,75,12.66
549,havre-saint-pierre,CA,2021-11-13 00:06:54,50.2334,-63.5986,34.81,58,97,14.9
550,cali,CO,2021-11-13 00:04:56,3.4372,-76.5225,68.74,93,99,3.56
551,tupelo,US,2021-11-13 00:06:55,34.2576,-88.7034,54.46,72,45,6.26
552,boundiali,CI,2021-11-13 00:06:55,9.5217,-6.4869,79.21,65,100,0.98
553,magugu,TZ,2021-11-13 00:06:55,-4.0167,35.7667,70.38,60,96,1.1
